Calories,Protein,Fat,Carbs,User_Allergy,Milk,Peanut,Egg,Gluten,Risk
737,32,4,92,1,0,0,0,1,High Risk
886,22,5,11,0,1,0,1,1,Moderate Risk
473,10,41,36,0,1,0,0,0,Moderate Risk
951,41,16,40,0,1,0,1,0,Moderate Risk
508,47,36,33,0,0,0,0,0,Safe
766,13,48,56,0,1,0,1,0,Moderate Risk
602,35,30,100,1,0,0,1,1,High Risk
438,22,46,73,1,1,1,1,1,High Risk
446,42,12,31,0,1,1,1,0,Safe
327,27,36,104,1,1,0,0,0,High Risk
280,24,46,11,0,1,0,1,0,Moderate Risk
457,46,34,16,0,0,1,0,1,Safe
207,27,13,88,0,0,0,1,1,Safe
720,33,39,96,0,0,1,0,1,Moderate Risk
335,38,16,70,0,1,0,1,1,Safe
539,35,47,20,0,1,0,1,1,Moderate Risk
813,10,17,54,1,1,1,0,1,High Risk
791,11,58,50,1,1,1,1,0,High Risk
643,42,54,48,1,1,1,1,0,High Risk
919,5,6,83,0,1,0,1,0,Moderate Risk
813,9,27,46,1,0,0,1,0,High Risk
468,38,23,75,1,0,1,0,1,High Risk
617,25,6,19,0,1,1,0,0,Safe
844,12,31,23,0,0,0,1,1,Moderate Risk
140,45,9,119,0,1,0,1,1,Safe
709,30,10,35,0,1,1,1,0,Moderate Risk
371,8,1,38,0,1,0,0,1,Safe
287,31,47,73,0,0,0,1,0,Moderate Risk
177,34,7,35,1,0,0,0,1,High Risk
834,19,29,25,0,0,1,1,0,Moderate Risk
791,45,25,16,1,0,1,0,0,High Risk
341,29,35,115,0,1,0,0,0,Safe
105,18,27,118,1,0,0,1,1,High Risk
992,9,43,98,0,1,1,0,1,Moderate Risk
309,44,53,89,0,0,0,0,0,Moderate Risk
234,23,47,25,1,1,0,0,0,High Risk
967,32,36,74,0,0,0,0,1,Moderate Risk
483,17,2,12,0,0,0,1,0,Safe
603,23,8,76,1,0,1,1,1,High Risk
193,22,3,18,0,1,1,1,0,Safe
365,18,59,77,0,1,1,1,1,Moderate Risk
788,47,39,95,1,1,1,0,0,High Risk
618,43,54,85,0,1,0,0,0,Moderate Risk
335,5,40,38,0,0,0,0,1,Safe
735,41,9,89,1,1,1,0,1,High Risk
950,18,28,81,0,0,1,1,0,Moderate Risk
452,6,11,23,0,1,0,1,0,Safe
389,23,10,12,0,0,1,0,1,Safe
322,28,46,62,1,0,1,0,1,High Risk
924,43,22,62,1,0,0,0,1,High Risk
396,44,58,66,0,0,0,1,0,Moderate Risk
479,20,39,35,1,0,0,1,1,High Risk
123,42,47,50,0,1,0,0,1,Moderate Risk
477,45,38,54,0,1,0,0,1,Safe
250,45,28,111,0,0,1,1,0,Safe
371,29,25,52,1,1,0,1,0,High Risk
536,48,12,106,1,1,0,1,0,High Risk
564,37,33,116,1,1,1,1,1,High Risk
648,27,23,82,1,1,0,1,0,High Risk
605,35,35,117,0,1,0,0,1,Safe
490,21,53,10,1,1,1,0,0,High Risk
421,33,26,74,0,0,1,1,1,Safe
205,17,44,51,0,0,1,0,1,Moderate Risk
977,16,13,90,0,1,1,1,1,Moderate Risk
406,30,39,116,1,0,0,0,1,High Risk
772,12,51,95,1,1,0,1,1,High Risk
224,13,39,63,1,1,1,0,1,High Risk
103,45,23,94,1,1,0,0,0,High Risk
423,33,44,87,1,0,1,1,1,High Risk
700,42,26,89,1,0,1,1,1,High Risk
331,42,33,90,0,1,0,1,1,Safe
921,22,15,30,0,0,0,0,1,Moderate Risk
706,35,37,90,0,0,1,0,0,Moderate Risk
453,48,23,56,0,0,1,1,0,Safe
110,39,51,17,1,0,0,0,0,Moderate Risk
174,34,30,95,0,0,0,0,0,Safe
621,39,29,41,0,0,1,0,1,Safe
340,11,20,18,1,1,1,1,0,High Risk
439,16,27,89,0,0,0,0,0,Safe
599,30,38,72,0,0,1,1,0,Safe
421,41,40,64,0,1,1,0,1,Safe
882,41,28,16,1,1,0,1,1,High Risk
736,24,50,27,0,1,1,0,1,Moderate Risk
391,22,50,75,1,1,0,0,1,High Risk
166,5,10,14,1,1,0,0,0,High Risk
209,45,7,57,0,0,1,1,1,Safe
663,15,12,54,0,0,1,1,1,Safe
174,15,25,47,1,1,1,0,1,High Risk
722,36,34,10,1,0,0,1,1,High Risk
185,17,7,15,1,0,0,0,1,High Risk
653,38,23,112,0,0,0,0,1,Safe
744,8,33,112,0,0,1,0,0,Moderate Risk
431,47,13,84,0,0,0,0,0,Safe
718,35,1,26,0,1,0,1,0,Moderate Risk
584,18,51,52,1,1,0,0,0,High Risk
467,41,28,81,1,0,0,0,1,High Risk
939,29,44,83,0,0,1,0,0,Moderate Risk
546,6,49,17,0,1,0,0,0,Moderate Risk
542,7,59,32,1,1,1,0,1,High Risk
729,24,6,55,1,1,0,0,1,High Risk
862,28,58,32,0,0,0,1,0,Moderate Risk
326,10,50,91,0,0,0,1,0,Moderate Risk
114,20,9,111,0,1,0,0,1,Safe
220,42,40,47,0,1,1,0,1,Safe
480,9,39,68,0,1,1,1,0,Safe
917,13,16,72,0,0,0,0,0,Moderate Risk
269,32,35,57,1,0,1,1,0,High Risk
207,46,8,65,1,1,1,0,0,High Risk
661,10,13,118,1,0,0,0,0,Safe
600,5,13,104,0,1,1,0,1,Safe
818,32,27,67,1,0,0,1,0,High Risk
118,25,31,83,0,0,0,0,1,Safe
801,36,22,29,0,0,1,1,1,Moderate Risk
936,45,43,15,1,0,0,0,1,High Risk
225,34,8,98,0,1,0,1,1,Safe
118,49,56,79,1,0,1,0,1,High Risk
719,31,22,89,1,1,0,1,1,High Risk
142,43,59,67,0,1,1,1,0,Moderate Risk
535,13,35,41,0,0,0,0,0,Safe
183,30,28,100,1,0,0,0,0,Safe
792,20,13,72,0,1,0,0,0,Moderate Risk
191,41,1,90,1,0,0,1,0,High Risk
147,46,7,94,1,0,0,0,1,High Risk
514,6,23,62,1,0,0,0,1,High Risk
569,27,11,78,0,1,1,0,0,Safe
797,40,31,106,0,0,1,0,1,Moderate Risk
442,5,30,56,0,0,1,1,0,Safe
201,33,55,19,1,1,1,1,1,High Risk
435,19,45,116,0,0,1,1,1,Moderate Risk
270,45,20,20,0,0,1,1,0,Safe
810,9,4,18,1,0,0,0,1,High Risk
961,22,1,114,0,1,0,0,1,Moderate Risk
957,5,46,73,0,0,1,0,1,Moderate Risk
514,28,46,37,1,0,0,1,0,High Risk
180,13,58,94,1,1,0,0,0,High Risk
501,36,26,25,0,0,1,0,0,Safe
119,8,55,77,0,0,0,1,0,Moderate Risk
701,45,17,120,0,0,0,1,1,Moderate Risk
337,24,27,32,0,0,1,1,0,Safe
848,34,57,72,0,1,1,1,0,Moderate Risk
922,11,50,72,0,0,1,0,0,Moderate Risk
222,17,17,26,0,0,1,0,0,Safe
970,22,37,72,1,1,1,1,0,High Risk
266,29,49,93,1,0,1,1,1,High Risk
993,43,16,52,1,1,0,1,1,High Risk
342,46,27,102,1,0,1,1,0,High Risk
930,7,52,50,1,0,1,0,0,High Risk
872,33,18,68,1,0,0,1,1,High Risk
224,41,22,61,0,0,1,0,0,Safe
413,32,32,89,0,0,0,0,0,Safe
170,49,60,72,1,1,1,1,1,High Risk
862,34,30,23,1,0,1,0,0,High Risk
973,21,54,28,1,0,1,0,0,High Risk
708,20,53,36,1,1,0,1,0,High Risk
935,30,4,85,1,1,0,1,0,High Risk
259,18,48,62,1,0,0,1,1,High Risk
905,18,53,24,1,0,1,1,0,High Risk
850,26,41,73,0,0,0,1,1,Moderate Risk
203,15,29,52,1,1,1,1,1,High Risk
989,47,19,11,1,1,1,0,0,High Risk
876,34,1,36,0,0,0,1,1,Moderate Risk
513,5,53,66,1,1,0,0,0,High Risk
453,41,21,106,0,0,0,1,0,Safe
687,6,7,100,1,0,1,0,1,High Risk
168,32,33,105,0,1,0,0,0,Safe
420,44,12,62,1,1,1,0,0,High Risk
352,30,42,26,1,1,1,0,0,High Risk
799,30,34,96,0,1,1,0,1,Moderate Risk
262,50,16,58,0,0,1,0,0,Safe
446,16,12,13,1,1,0,0,0,High Risk
997,18,49,32,1,0,0,1,1,High Risk
799,38,38,81,0,0,1,1,1,Moderate Risk
166,22,13,48,1,1,0,0,1,High Risk
986,32,6,18,1,1,0,0,0,High Risk
617,29,36,109,0,1,1,1,0,Safe
186,22,34,56,0,1,1,1,1,Safe
941,8,41,29,1,0,0,1,0,High Risk
599,27,33,34,1,0,0,0,0,Safe
351,18,20,24,0,0,1,1,0,Safe
450,23,23,42,1,0,1,0,0,High Risk
124,6,40,37,1,0,1,0,1,High Risk
626,25,43,73,0,0,1,1,0,Moderate Risk
985,33,33,60,0,0,0,0,0,Moderate Risk
269,26,39,74,1,0,1,1,1,High Risk
158,47,60,35,0,0,0,0,0,Moderate Risk
965,5,16,51,0,0,1,0,1,Moderate Risk
375,38,51,108,0,0,1,0,0,Moderate Risk
803,12,14,119,1,1,1,1,0,High Risk
505,49,40,94,0,1,0,0,0,Safe
287,24,25,55,1,0,1,0,1,High Risk
208,20,58,85,1,1,1,1,1,High Risk
172,14,7,54,1,1,0,1,1,High Risk
927,25,4,55,0,0,1,0,1,Moderate Risk
329,25,58,31,1,1,1,1,0,High Risk
501,39,28,110,0,1,1,1,0,Safe
644,30,55,75,0,0,0,0,1,Moderate Risk
312,11,38,30,1,0,1,1,1,High Risk
197,42,53,60,1,1,1,0,0,High Risk
231,49,51,108,1,1,1,1,1,High Risk
471,29,1,13,1,0,0,1,1,High Risk
542,30,4,10,1,1,1,1,1,High Risk
340,13,21,51,0,1,1,1,0,Safe
552,33,42,60,1,0,1,1,0,High Risk
469,42,54,38,0,0,1,1,1,Moderate Risk
798,6,43,65,1,0,1,1,1,High Risk
841,15,1,112,0,0,0,0,0,Moderate Risk
702,45,14,69,0,1,1,0,1,Moderate Risk
971,12,17,61,0,0,1,1,0,Moderate Risk
190,28,4,80,0,1,0,1,0,Safe
708,8,60,92,1,1,0,0,1,High Risk
226,14,11,73,0,0,1,1,1,Safe
895,22,38,70,1,1,0,1,0,High Risk
818,41,13,68,0,1,1,1,0,Moderate Risk
846,15,56,26,0,0,0,1,1,Moderate Risk
703,38,22,12,1,0,1,1,0,High Risk
581,14,53,62,1,0,1,0,1,High Risk
173,22,45,36,0,0,1,0,1,Moderate Risk
628,17,40,62,1,1,0,0,0,High Risk
112,49,15,97,0,1,0,1,0,Safe
243,49,20,24,1,0,0,0,0,Safe
603,16,52,110,0,1,1,1,1,Moderate Risk
212,9,17,76,1,0,1,0,0,High Risk
323,11,59,45,0,1,0,1,1,Moderate Risk
719,22,16,44,0,0,1,1,0,Moderate Risk
422,45,19,119,1,0,1,1,0,High Risk
332,40,11,24,0,0,0,1,1,Safe
654,11,39,108,1,0,0,1,0,High Risk
705,15,40,32,1,1,0,1,1,High Risk
343,49,4,24,0,1,1,1,0,Safe
913,31,9,53,0,1,1,1,0,Moderate Risk
270,13,54,51,0,1,1,1,0,Moderate Risk
668,5,42,105,0,1,0,1,0,Moderate Risk
188,49,13,98,0,0,0,1,0,Safe
143,32,46,37,1,1,0,0,0,High Risk
434,36,28,77,0,1,1,0,1,Safe
773,9,35,65,0,1,0,0,0,Moderate Risk
337,49,1,60,0,0,0,1,1,Safe
305,10,58,54,1,1,0,0,0,High Risk
167,21,45,43,1,1,0,1,1,High Risk
195,34,34,33,1,1,0,0,1,High Risk
780,23,24,17,0,0,0,1,0,Moderate Risk
312,38,3,74,1,1,1,1,0,High Risk
412,35,50,29,0,0,1,1,1,Moderate Risk
503,28,5,116,0,0,0,1,1,Safe
376,45,29,73,0,0,0,0,1,Safe
902,15,48,79,0,0,0,1,0,Moderate Risk
500,44,43,46,0,0,0,1,1,Moderate Risk
873,19,44,57,0,0,1,1,0,Moderate Risk
511,8,50,15,0,0,1,0,1,Moderate Risk
899,39,28,36,1,0,1,0,0,High Risk
507,16,53,60,0,1,0,1,1,Moderate Risk
689,22,2,88,1,0,0,0,1,High Risk
192,39,20,87,0,0,0,0,1,Safe
748,32,54,58,1,0,0,1,1,High Risk
159,16,7,31,0,0,1,0,1,Safe
127,11,20,77,1,1,1,0,0,High Risk
995,45,15,52,0,0,0,1,0,Moderate Risk
561,5,4,85,0,1,0,0,1,Safe
942,32,21,98,1,1,0,1,0,High Risk
735,13,10,100,1,1,1,0,0,High Risk
674,34,30,52,0,1,0,1,0,Safe
545,37,16,106,0,1,0,1,1,Safe
746,14,7,75,0,0,0,1,1,Moderate Risk
254,42,21,17,1,0,1,0,1,High Risk
559,49,41,110,0,1,1,0,1,Moderate Risk
597,31,22,30,0,1,0,0,1,Safe
255,26,40,96,1,1,0,1,0,High Risk
445,14,34,25,1,1,1,1,0,High Risk
604,20,15,17,1,1,0,1,1,High Risk
106,41,49,78,1,0,1,1,1,High Risk
871,16,24,45,0,1,1,0,0,Moderate Risk
710,35,59,85,0,1,1,0,0,Moderate Risk
883,5,7,47,0,0,1,0,0,Moderate Risk
265,24,48,93,1,0,1,0,1,High Risk
779,41,42,96,1,0,1,1,1,High Risk
784,33,41,59,0,1,1,0,0,Moderate Risk
663,48,23,38,1,1,0,0,0,High Risk
709,13,49,48,1,0,0,1,0,High Risk
240,41,44,18,0,0,1,0,1,Moderate Risk
804,28,19,65,1,1,1,1,0,High Risk
555,12,30,20,1,0,1,1,1,High Risk
506,20,24,86,0,1,0,0,0,Safe
157,13,37,86,0,1,0,0,0,Safe
516,8,43,27,1,0,1,1,0,High Risk
969,16,30,103,1,1,1,1,1,High Risk
463,15,29,77,1,1,1,1,0,High Risk
135,49,37,119,0,1,0,0,0,Safe
833,32,10,10,1,1,0,1,0,High Risk
786,50,1,95,1,0,0,1,1,High Risk
731,41,29,84,0,1,0,0,0,Moderate Risk
262,38,18,106,0,1,0,0,1,Safe
577,32,21,94,0,0,1,0,0,Safe
933,46,32,109,1,1,1,1,1,High Risk
978,19,12,72,1,0,0,1,1,High Risk
205,11,27,110,1,1,1,1,1,High Risk
566,16,33,98,0,1,0,1,1,Safe
189,21,2,109,1,1,0,1,1,High Risk
401,28,11,96,0,1,0,0,0,Safe
814,42,8,68,0,1,0,1,0,Moderate Risk
952,27,52,61,1,0,0,1,1,High Risk
593,20,31,95,0,1,0,0,1,Safe
861,30,43,109,1,0,0,1,1,High Risk
856,48,9,97,0,0,1,0,0,Moderate Risk
913,11,52,74,1,1,1,1,1,High Risk
721,33,7,105,0,1,0,1,1,Moderate Risk
427,15,59,62,1,1,0,0,1,High Risk
741,29,46,28,0,0,1,0,1,Moderate Risk
235,50,5,106,1,0,0,1,0,High Risk
275,37,60,101,0,0,1,1,0,Moderate Risk
611,29,52,77,1,1,0,0,1,High Risk
747,36,38,93,1,0,1,1,1,High Risk
795,13,6,82,0,1,0,1,1,Moderate Risk
236,42,8,40,0,1,1,0,0,Safe
314,46,49,99,1,0,1,0,1,High Risk
560,43,51,78,0,1,0,0,0,Moderate Risk
562,29,54,15,0,0,0,0,0,Moderate Risk
249,46,56,33,1,0,0,0,0,Moderate Risk
287,39,38,33,0,1,0,0,0,Safe
925,9,41,31,0,0,0,0,0,Moderate Risk
566,47,19,55,1,0,1,1,0,High Risk
368,35,8,41,0,1,1,0,1,Safe
656,47,40,55,1,1,0,0,0,High Risk
107,28,60,42,0,0,0,1,0,Moderate Risk
288,24,44,23,0,1,0,1,0,Moderate Risk
753,45,51,31,1,1,0,0,1,High Risk
116,28,38,37,0,0,0,0,0,Safe
691,10,16,115,1,1,1,1,0,High Risk
100,9,4,88,1,1,1,1,0,High Risk
303,31,34,17,0,1,1,0,1,Safe
211,17,14,73,1,1,1,1,0,High Risk
922,27,12,114,1,1,0,0,0,High Risk
952,45,49,111,1,0,0,0,1,High Risk
327,7,37,42,0,1,1,0,1,Safe
915,48,53,73,0,0,0,1,1,Moderate Risk
380,38,28,59,1,1,0,1,0,High Risk
530,11,58,23,0,1,1,1,0,Moderate Risk
273,39,53,73,1,0,0,1,1,High Risk
418,8,13,13,0,0,1,0,1,Safe
437,15,52,39,0,0,0,1,0,Moderate Risk
827,19,40,32,0,1,0,0,1,Moderate Risk
800,50,52,89,1,0,1,1,0,High Risk
379,47,31,104,1,1,1,1,0,High Risk
880,11,5,16,0,1,0,0,0,Moderate Risk
588,18,2,24,1,0,0,1,0,High Risk
532,34,49,66,0,0,1,1,0,Moderate Risk
980,9,52,99,1,1,1,1,0,High Risk
848,7,31,86,1,0,1,1,0,High Risk
543,34,35,80,0,0,1,0,0,Safe
662,21,1,85,1,1,0,1,1,High Risk
987,39,39,55,1,1,0,1,0,High Risk
756,18,39,72,0,1,1,1,0,Moderate Risk
829,25,19,16,0,1,0,1,1,Moderate Risk
941,45,36,52,0,0,1,1,0,Moderate Risk
138,19,40,110,1,1,1,0,0,High Risk
599,22,4,29,1,1,1,0,1,High Risk
149,42,13,60,0,1,0,0,1,Safe
470,40,29,67,0,0,0,0,1,Safe
894,47,8,45,1,1,0,0,0,High Risk
383,42,11,69,1,1,0,1,0,High Risk
771,35,60,83,0,0,0,0,1,Moderate Risk
154,8,25,34,1,1,1,0,0,High Risk
648,42,39,38,0,1,0,0,0,Safe
711,31,50,74,1,1,1,0,0,High Risk
487,21,6,67,0,0,0,1,0,Safe
223,34,31,53,0,1,0,0,0,Safe
729,30,7,87,0,0,0,1,1,Moderate Risk
536,18,35,10,1,0,1,0,1,High Risk
356,39,22,62,1,1,1,0,0,High Risk
932,24,58,57,1,1,0,1,0,High Risk
573,36,14,73,0,1,1,1,0,Safe
732,22,60,114,1,1,0,1,1,High Risk
597,11,4,13,1,0,0,0,0,Safe
127,46,44,105,0,1,0,0,1,Moderate Risk
477,26,55,80,1,1,0,0,1,High Risk
246,11,3,40,1,0,1,1,1,High Risk
240,11,58,32,1,0,0,1,1,High Risk
207,38,47,92,1,0,1,0,1,High Risk
142,12,58,48,0,1,0,0,1,Moderate Risk
276,29,6,34,1,0,1,0,1,High Risk
775,23,33,114,1,1,0,0,0,High Risk
167,46,14,50,0,0,0,0,0,Safe
553,6,17,74,0,1,0,0,1,Safe
483,47,34,18,0,0,1,1,1,Safe
579,45,50,67,0,0,1,0,1,Moderate Risk
332,26,37,47,1,1,1,1,0,High Risk
742,41,30,34,1,1,1,1,0,High Risk
754,49,38,18,0,0,1,1,1,Moderate Risk
970,24,44,30,0,0,0,1,1,Moderate Risk
239,8,49,70,0,1,0,1,1,Moderate Risk
437,7,44,27,1,0,0,1,1,High Risk
946,34,44,19,0,0,0,0,0,Moderate Risk
866,21,36,44,0,1,1,1,0,Moderate Risk
982,6,39,19,0,1,0,0,0,Moderate Risk
996,16,15,82,1,0,0,0,1,High Risk
414,27,53,66,1,0,1,1,1,High Risk
180,16,20,70,0,1,1,0,0,Safe
505,8,2,109,0,0,1,1,1,Safe
505,13,33,84,0,0,0,0,1,Safe
801,48,42,53,0,0,0,1,1,Moderate Risk
729,5,7,21,1,1,0,1,0,High Risk
438,31,4,38,0,0,0,1,1,Safe
563,49,58,36,0,1,1,0,1,Moderate Risk
606,17,18,93,0,0,0,0,1,Safe
295,29,43,17,1,1,1,0,0,High Risk
842,46,19,120,0,1,0,0,1,Moderate Risk
901,15,16,24,0,1,0,0,0,Moderate Risk
705,32,1,119,0,0,1,1,0,Moderate Risk
183,27,48,46,1,1,0,1,0,High Risk
407,41,7,95,1,0,1,0,0,High Risk
811,17,49,91,0,1,1,1,1,Moderate Risk
498,5,51,17,0,1,0,0,1,Moderate Risk
921,23,13,41,0,0,1,0,1,Moderate Risk
200,14,21,66,1,0,1,1,1,High Risk
566,32,23,110,0,1,0,1,1,Safe
835,26,44,103,0,0,0,1,0,Moderate Risk
158,8,33,46,1,1,1,0,1,High Risk
506,35,33,48,0,0,1,0,0,Safe
204,12,50,115,1,1,0,1,0,High Risk
333,11,54,90,1,1,0,1,0,High Risk
394,30,23,79,0,0,0,0,0,Safe
942,48,3,59,1,1,1,0,0,High Risk
974,32,13,23,0,1,0,0,1,Moderate Risk
648,22,17,98,1,0,1,1,1,High Risk
283,48,8,45,0,1,0,0,0,Safe
411,13,27,83,0,1,0,1,1,Safe
293,26,15,75,0,0,1,0,1,Safe
360,41,23,119,1,1,1,0,1,High Risk
641,16,27,40,0,1,0,1,1,Safe
486,8,57,44,1,1,1,0,0,High Risk
786,39,42,17,0,0,1,1,1,Moderate Risk
199,16,60,85,0,1,0,0,0,Moderate Risk
372,12,36,47,1,1,1,0,0,High Risk
214,48,2,38,0,0,0,1,1,Safe
862,15,44,74,1,1,0,0,0,High Risk
808,19,24,72,0,1,1,1,1,Moderate Risk
436,24,3,99,0,1,0,1,1,Safe
118,44,52,69,0,0,1,0,1,Moderate Risk
461,42,58,41,0,1,0,0,0,Moderate Risk
530,24,51,47,0,1,0,0,0,Moderate Risk
706,20,41,46,0,0,1,1,0,Moderate Risk
160,33,49,96,1,1,0,0,1,High Risk
920,46,21,58,1,1,0,1,0,High Risk
984,41,39,113,1,1,0,1,1,High Risk
622,26,24,50,0,1,0,0,1,Safe
422,8,58,63,0,1,0,1,1,Moderate Risk
848,27,8,80,0,0,0,1,1,Moderate Risk
699,18,41,25,1,1,1,0,1,High Risk
800,6,35,47,1,0,0,0,1,High Risk
908,33,11,78,1,1,0,0,0,High Risk
722,20,31,41,1,0,1,1,0,High Risk
674,31,48,61,0,0,1,1,1,Moderate Risk
869,30,42,116,0,1,1,0,1,Moderate Risk
426,38,25,52,1,0,1,1,0,High Risk
528,32,14,115,1,0,0,0,1,High Risk
272,35,1,50,1,1,1,1,1,High Risk
510,26,53,96,0,0,0,0,1,Moderate Risk
321,17,6,82,1,1,0,0,0,High Risk
903,14,14,35,0,1,0,0,0,Moderate Risk
382,20,25,25,1,1,1,1,1,High Risk
931,31,1,41,1,1,0,1,0,High Risk
152,48,54,76,0,0,0,1,1,Moderate Risk
856,49,20,39,1,1,1,1,0,High Risk
849,23,33,119,1,0,0,1,1,High Risk
599,12,20,50,0,0,1,0,1,Safe
668,30,42,61,1,1,0,0,0,High Risk
468,42,26,43,0,0,0,1,0,Safe
315,48,15,116,1,0,1,1,1,High Risk
812,7,32,69,0,1,0,0,1,Moderate Risk
229,32,58,95,0,0,0,1,0,Moderate Risk
395,37,10,29,1,0,1,1,0,High Risk
754,33,2,47,0,0,0,0,1,Moderate Risk
715,26,26,44,1,1,1,1,0,High Risk
456,25,29,20,1,0,0,1,1,High Risk
321,21,21,89,1,1,1,0,0,High Risk
917,43,14,97,1,1,1,0,1,High Risk
757,34,50,33,1,1,0,1,1,High Risk
258,48,57,105,1,0,1,0,0,High Risk
498,13,39,20,0,0,0,0,0,Safe
981,35,27,87,0,1,0,1,0,Moderate Risk
163,36,38,16,0,1,0,1,0,Safe
956,7,27,89,0,0,0,0,1,Moderate Risk
781,48,41,30,1,0,0,1,1,High Risk
858,48,12,55,0,1,1,0,1,Moderate Risk
884,25,55,22,0,0,0,1,0,Moderate Risk
185,23,32,110,0,0,1,0,0,Safe
456,24,60,38,0,1,0,1,0,Moderate Risk
511,18,20,11,1,1,1,1,1,High Risk
916,13,6,71,0,0,0,1,0,Moderate Risk
207,39,31,38,0,0,1,0,0,Safe
701,38,6,108,1,0,0,0,1,High Risk
526,35,6,54,1,1,1,1,0,High Risk
946,5,33,102,0,1,0,0,0,Moderate Risk
785,40,15,116,0,1,1,1,1,Moderate Risk
388,37,17,113,1,0,0,0,1,High Risk
964,32,15,66,0,0,1,1,0,Moderate Risk
407,23,56,69,0,1,1,1,0,Moderate Risk
667,34,20,65,0,1,0,1,0,Safe
850,10,49,28,0,0,0,1,0,Moderate Risk
312,14,10,92,0,0,0,0,0,Safe
748,10,27,97,0,0,1,1,0,Moderate Risk
167,26,36,65,1,0,0,0,0,Safe
954,25,58,68,1,0,0,0,0,Moderate Risk
320,40,23,93,0,0,0,1,1,Safe
129,23,27,116,1,1,0,0,1,High Risk
814,16,10,57,0,0,1,0,1,Moderate Risk
501,34,10,40,0,0,1,1,1,Safe
551,48,42,41,1,1,0,0,1,High Risk
766,7,48,19,1,1,1,1,1,High Risk
897,15,19,79,1,1,1,0,1,High Risk
564,40,9,59,1,0,1,0,1,High Risk
243,20,17,45,1,0,0,0,1,High Risk
139,16,32,11,0,0,1,1,0,Safe
603,30,10,88,0,1,1,0,1,Safe
642,50,53,107,0,1,0,1,1,Moderate Risk
642,20,51,104,1,0,0,0,1,High Risk
107,22,19,52,1,0,1,0,1,High Risk
657,26,60,88,1,0,0,1,0,High Risk
757,39,19,105,0,0,1,1,0,Moderate Risk
130,25,15,96,1,1,0,1,0,High Risk
463,19,18,66,0,1,0,1,0,Safe
512,18,39,61,1,1,1,1,1,High Risk
295,38,46,102,1,0,0,1,1,High Risk
831,50,2,97,0,0,0,1,1,Moderate Risk
463,20,44,38,1,0,0,1,1,High Risk
526,14,20,52,1,0,0,1,1,High Risk
341,18,25,79,1,0,1,1,0,High Risk
110,12,51,97,0,0,1,1,0,Moderate Risk
690,15,31,101,0,0,0,1,1,Safe
365,21,22,100,1,0,0,0,1,High Risk
847,24,29,13,1,0,0,1,1,High Risk
202,36,8,36,1,0,0,1,0,High Risk
294,46,57,30,0,1,1,1,1,Moderate Risk
372,12,11,40,0,1,1,1,1,Safe
140,21,53,96,0,1,1,1,0,Moderate Risk
370,45,17,98,0,1,0,0,1,Safe
906,36,1,84,0,1,1,1,0,Moderate Risk
446,13,31,75,1,1,1,1,1,High Risk
760,9,45,97,0,0,0,0,0,Moderate Risk
418,11,10,41,1,1,1,0,1,High Risk
196,35,60,110,1,0,1,1,1,High Risk
199,5,44,31,1,0,0,0,1,High Risk
339,49,52,59,1,1,0,1,1,High Risk
742,32,32,49,1,0,1,1,1,High Risk
461,35,25,60,0,0,1,0,1,Safe
184,11,27,77,1,0,0,1,1,High Risk
104,46,22,44,0,1,0,0,0,Safe
370,31,16,109,0,0,0,0,1,Safe
882,48,28,16,0,0,1,0,0,Moderate Risk
347,18,36,84,1,1,1,1,1,High Risk
191,24,56,69,0,0,1,1,0,Moderate Risk
234,34,10,30,1,1,1,0,0,High Risk
177,23,41,112,1,0,1,0,1,High Risk
105,42,2,54,0,1,0,0,0,Safe
344,33,58,100,0,0,1,1,1,Moderate Risk
625,22,53,86,1,0,0,1,0,High Risk
814,14,41,77,0,1,0,1,1,Moderate Risk
110,18,52,19,0,0,1,0,0,Moderate Risk
555,13,35,64,0,1,1,1,1,Safe
491,18,31,65,0,1,1,0,1,Safe
180,29,49,17,0,0,1,1,0,Moderate Risk
671,26,34,27,0,0,0,1,1,Safe
578,6,15,101,0,1,1,0,0,Safe
443,48,22,41,1,0,0,1,1,High Risk
530,23,55,113,1,0,0,1,0,High Risk
176,33,26,57,0,0,1,1,1,Safe
351,47,17,67,1,0,0,1,1,High Risk
675,38,28,113,1,1,0,1,1,High Risk
817,15,44,26,1,0,0,1,0,High Risk
102,30,45,52,0,0,0,0,0,Moderate Risk
553,50,22,32,0,1,0,1,0,Safe
687,25,29,62,1,1,0,1,1,High Risk
474,25,48,90,0,1,0,0,0,Moderate Risk
841,40,39,44,0,0,0,1,0,Moderate Risk
387,29,12,68,1,0,1,0,1,High Risk
244,6,56,94,0,0,0,0,1,Moderate Risk
989,7,44,62,1,0,1,0,1,High Risk
473,42,16,103,1,1,0,1,1,High Risk
391,44,54,10,0,0,0,1,0,Moderate Risk
542,7,32,65,0,1,1,0,0,Safe
439,24,14,70,0,0,1,0,1,Safe
166,48,27,47,1,1,1,0,1,High Risk
484,50,10,83,1,1,1,1,1,High Risk
735,17,17,20,0,0,0,1,1,Moderate Risk
331,21,21,70,0,0,0,1,1,Safe
635,43,10,109,1,0,1,0,0,High Risk
216,44,31,24,0,0,0,0,0,Safe
684,17,45,73,0,1,0,0,0,Moderate Risk
201,24,41,39,0,1,1,1,1,Moderate Risk
664,45,24,88,1,0,1,1,0,High Risk
284,31,44,19,1,0,1,0,1,High Risk
916,38,57,28,1,1,1,1,1,High Risk
306,44,12,70,0,1,0,0,0,Safe
608,21,26,50,0,1,1,1,1,Safe
653,45,47,48,1,0,1,0,1,High Risk
797,35,14,51,1,0,1,1,1,High Risk
315,15,27,106,1,0,1,1,1,High Risk
481,36,34,62,0,1,1,1,1,Safe
749,40,13,99,1,0,1,1,1,High Risk
863,16,8,43,1,1,1,1,1,High Risk
109,41,46,106,0,1,1,0,0,Moderate Risk
536,44,25,90,1,0,1,1,1,High Risk
384,19,18,23,0,0,0,0,0,Safe
311,8,56,29,1,0,0,0,0,Moderate Risk
164,6,45,97,0,1,1,0,1,Moderate Risk
643,9,48,80,0,1,1,0,0,Moderate Risk
754,11,38,115,1,1,0,0,0,High Risk
198,36,42,104,1,0,1,1,1,High Risk
140,36,8,31,1,0,1,0,1,High Risk
399,45,20,62,1,0,0,1,0,High Risk
241,18,24,74,1,1,0,1,1,High Risk
342,13,52,40,1,1,0,1,0,High Risk
924,35,55,70,1,0,1,1,0,High Risk
792,6,56,29,1,1,0,0,1,High Risk
459,15,20,37,1,0,1,0,0,High Risk
241,5,14,18,0,1,0,1,0,Safe
528,18,3,61,1,0,1,0,0,High Risk
443,44,11,20,0,0,1,1,1,Safe
974,22,1,38,1,1,0,0,0,High Risk
265,25,31,14,0,1,0,1,0,Safe
112,22,24,56,0,1,1,0,1,Safe
462,23,30,29,0,0,1,1,1,Safe
568,14,42,43,1,1,0,1,1,High Risk
747,9,60,74,0,0,0,0,0,Moderate Risk
554,50,45,91,0,1,0,1,0,Moderate Risk
210,15,50,31,0,1,1,0,0,Moderate Risk
443,46,15,70,0,0,0,0,1,Safe
585,49,18,74,1,1,1,1,0,High Risk
458,36,19,66,1,0,0,0,1,High Risk
743,25,20,11,1,0,0,1,1,High Risk
993,11,35,40,1,0,0,0,0,Moderate Risk
120,36,13,94,0,1,0,0,0,Safe
453,48,24,22,1,1,1,1,0,High Risk
368,10,52,65,0,0,0,1,0,Moderate Risk
152,12,22,80,0,1,0,1,0,Safe
648,28,55,48,1,0,1,1,0,High Risk
568,22,35,107,1,1,0,1,0,High Risk
791,33,49,78,0,0,1,1,1,Moderate Risk
942,45,19,53,1,0,0,0,1,High Risk
777,38,16,44,0,1,0,1,0,Moderate Risk
866,13,17,26,1,0,1,0,0,High Risk
334,17,8,64,1,1,0,0,0,High Risk
847,25,11,84,0,1,1,1,1,Moderate Risk
127,5,16,27,0,0,1,1,1,Safe
516,31,5,38,1,0,1,1,1,High Risk
661,37,2,72,0,0,0,0,0,Safe
532,10,17,65,0,0,1,1,1,Safe
516,17,42,101,1,1,0,0,1,High Risk
987,35,13,117,1,1,1,0,0,High Risk
621,50,30,10,0,1,0,1,0,Safe
559,41,33,29,0,0,0,1,0,Safe
441,39,19,109,0,0,1,1,1,Safe
643,45,17,21,1,1,1,1,1,High Risk
589,31,48,48,1,1,0,0,1,High Risk
755,37,33,48,1,1,0,0,0,High Risk
617,27,52,93,0,0,1,1,1,Moderate Risk
839,17,34,120,1,0,0,0,0,Moderate Risk
857,49,45,75,1,0,1,1,1,High Risk
902,26,56,39,1,0,1,1,1,High Risk
795,9,8,42,1,0,1,1,1,High Risk
994,7,46,88,0,0,1,0,0,Moderate Risk
284,26,12,93,1,0,0,0,0,Safe
519,50,1,114,1,0,0,1,0,High Risk
218,40,6,17,0,0,1,1,1,Safe
197,9,32,64,0,1,1,1,1,Safe
437,20,14,88,1,1,0,1,0,High Risk
204,38,59,66,0,1,1,0,1,Moderate Risk
285,27,41,120,0,1,1,1,1,Moderate Risk
350,18,25,91,1,0,1,0,1,High Risk
734,33,1,111,0,1,1,0,1,Moderate Risk
939,31,9,79,0,0,1,0,1,Moderate Risk
822,24,29,117,1,0,0,0,0,Moderate Risk
657,37,19,48,1,0,0,0,0,Safe
537,50,31,97,1,1,1,0,1,High Risk
283,25,53,30,0,0,0,0,1,Moderate Risk
648,27,5,73,0,0,1,0,1,Safe
488,33,7,85,1,0,1,1,0,High Risk
838,18,12,81,0,0,0,0,0,Moderate Risk
667,14,17,68,0,1,1,0,1,Safe
892,6,52,67,1,1,1,0,1,High Risk
644,6,37,76,1,0,1,1,1,High Risk
724,49,22,60,0,1,0,0,0,Moderate Risk
666,31,33,72,0,1,1,1,1,Safe
324,15,44,95,1,1,0,0,1,High Risk
428,42,39,88,1,1,1,0,0,High Risk
672,19,51,14,1,1,1,1,0,High Risk
116,44,28,50,0,1,0,1,0,Safe
952,39,14,120,1,0,0,1,1,High Risk
710,31,48,51,1,0,0,1,1,High Risk
495,13,59,110,1,0,1,1,0,High Risk
711,26,52,106,0,1,1,1,0,Moderate Risk
174,10,8,75,0,0,1,1,0,Safe
807,49,51,43,0,0,0,0,0,Moderate Risk
339,22,46,116,1,1,1,1,1,High Risk
387,15,35,73,1,1,0,0,1,High Risk
998,45,18,74,0,0,1,0,1,Moderate Risk
228,10,12,72,1,0,0,0,1,High Risk
804,26,17,91,0,1,1,1,1,Moderate Risk
411,6,31,62,0,0,0,0,1,Safe
612,43,50,87,1,0,1,0,1,High Risk
667,41,2,81,1,1,1,0,1,High Risk
772,48,24,19,0,1,1,1,0,Moderate Risk
513,21,43,37,0,1,0,0,1,Moderate Risk
511,6,31,42,0,1,1,1,1,Safe
522,42,19,48,1,1,1,0,0,High Risk
525,44,14,80,0,0,0,0,1,Safe
857,45,3,25,0,0,0,0,1,Moderate Risk
989,23,37,16,1,0,0,0,0,Moderate Risk
819,12,44,57,0,0,1,1,1,Moderate Risk
478,11,2,106,1,1,1,1,1,High Risk
214,49,10,61,0,0,0,1,1,Safe
527,7,48,13,0,1,1,1,0,Moderate Risk
357,33,44,71,1,1,1,1,0,High Risk
193,43,5,105,1,0,1,1,1,High Risk
966,14,21,38,1,1,1,0,0,High Risk
106,29,52,36,1,0,1,1,0,High Risk
784,41,11,95,0,0,0,1,1,Moderate Risk
956,26,10,38,0,1,1,0,1,Moderate Risk
300,49,7,118,0,1,0,0,1,Safe
316,34,29,45,0,0,1,0,1,Safe
236,29,34,110,0,0,1,1,1,Safe
930,14,19,72,0,1,0,1,1,Moderate Risk
579,14,33,59,0,1,1,0,0,Safe
706,7,49,91,0,0,0,1,0,Moderate Risk
746,47,33,119,0,1,1,1,0,Moderate Risk
346,45,52,24,1,1,1,1,0,High Risk
158,48,39,76,0,0,0,0,1,Safe
545,17,34,40,1,1,1,0,1,High Risk
653,34,48,38,1,1,1,1,0,High Risk
639,13,51,26,1,1,0,1,1,High Risk
130,29,38,29,1,1,0,1,0,High Risk
691,50,38,112,0,0,0,1,1,Safe
596,34,10,105,1,1,0,1,1,High Risk
378,44,35,40,1,1,0,0,0,High Risk
665,9,1,84,0,1,0,0,0,Safe
574,24,24,11,1,1,0,0,1,High Risk
742,27,4,115,0,0,1,0,0,Moderate Risk
318,28,40,83,1,1,1,0,1,High Risk
918,34,53,109,1,0,0,0,1,High Risk
909,9,11,24,1,0,0,0,1,High Risk
359,20,20,62,0,1,1,0,0,Safe
112,28,58,92,1,0,1,0,1,High Risk
327,14,10,46,1,1,1,1,1,High Risk
652,18,27,77,0,0,0,1,0,Safe
930,45,36,69,1,1,1,1,1,High Risk
110,19,57,91,1,0,0,0,1,High Risk
932,45,60,105,1,0,0,0,0,Moderate Risk
110,8,52,71,1,1,0,1,1,High Risk
972,15,7,102,1,1,0,0,1,High Risk
921,36,38,55,0,0,0,1,1,Moderate Risk
465,37,35,19,1,0,1,1,1,High Risk
987,50,48,11,0,0,1,0,1,Moderate Risk
379,48,54,109,1,1,0,1,0,High Risk
151,16,3,33,1,1,0,1,0,High Risk
606,50,48,93,0,0,1,1,0,Moderate Risk
369,6,43,114,0,1,1,1,1,Moderate Risk
649,49,33,115,0,1,1,1,0,Safe
763,21,33,42,1,1,0,0,1,High Risk
816,43,54,35,0,1,1,0,0,Moderate Risk
823,43,19,117,0,0,0,0,0,Moderate Risk
704,13,28,112,1,0,0,0,1,High Risk
596,30,53,111,1,0,1,1,0,High Risk
716,46,39,110,1,1,0,0,0,High Risk
345,37,16,73,0,0,1,0,1,Safe
275,26,51,12,0,0,1,0,1,Moderate Risk
574,30,41,62,0,0,0,1,0,Moderate Risk
901,37,15,104,1,0,0,1,0,High Risk
857,40,23,107,1,1,0,0,1,High Risk
319,7,45,76,0,1,0,1,0,Moderate Risk
379,19,33,33,1,0,0,0,0,Safe
984,37,30,20,1,0,1,1,0,High Risk
800,13,40,29,0,0,0,0,0,Moderate Risk
538,16,33,87,1,0,1,1,1,High Risk
164,40,23,73,0,1,0,0,0,Safe
232,36,47,69,0,1,1,1,0,Moderate Risk
966,41,59,104,0,0,1,1,1,Moderate Risk
333,32,42,104,1,1,1,1,1,High Risk
942,21,33,70,1,0,1,1,0,High Risk
855,21,54,101,1,0,1,1,1,High Risk
625,17,38,92,1,0,0,0,0,Safe
514,43,41,75,0,0,0,1,1,Moderate Risk
856,16,5,47,1,0,0,0,0,Moderate Risk
314,41,7,46,0,0,1,0,1,Safe
949,34,18,91,0,0,0,1,0,Moderate Risk
362,41,2,64,1,1,0,1,1,High Risk
100,28,2,99,0,1,1,0,1,Safe
917,14,53,17,0,1,0,0,1,Moderate Risk
421,21,44,17,0,0,1,1,1,Moderate Risk
749,47,38,53,0,1,1,0,1,Moderate Risk
874,22,31,66,1,0,0,0,1,High Risk
804,44,8,50,1,0,0,1,0,High Risk
413,25,14,15,1,1,0,0,1,High Risk
190,44,14,16,1,0,1,1,0,High Risk
213,8,38,79,0,1,0,1,0,Safe
885,42,3,105,0,1,0,1,0,Moderate Risk
197,28,44,68,1,1,0,1,0,High Risk
364,45,47,11,0,0,0,0,1,Moderate Risk
152,19,34,16,0,0,1,0,0,Safe
904,28,40,45,0,0,1,1,0,Moderate Risk
570,30,7,23,1,1,1,1,1,High Risk
632,37,8,15,0,1,0,1,1,Safe
580,50,49,117,0,0,0,1,0,Moderate Risk
157,41,46,24,1,0,0,0,0,Moderate Risk
591,30,22,42,0,1,0,0,0,Safe
350,6,36,69,1,1,0,1,0,High Risk
181,26,23,12,0,1,0,1,0,Safe
618,5,22,40,0,1,0,1,1,Safe
542,21,17,17,0,0,0,0,0,Safe
689,18,31,119,0,0,1,0,0,Safe
932,35,59,18,0,1,1,1,1,Moderate Risk
241,19,56,58,1,1,1,1,1,High Risk
778,25,28,31,0,0,0,0,0,Moderate Risk
125,30,25,73,1,1,1,1,0,High Risk
896,43,34,112,0,1,0,1,1,Moderate Risk
668,23,48,42,0,1,1,1,0,Moderate Risk
586,46,7,96,0,1,1,0,1,Safe
212,33,14,114,1,0,0,1,0,High Risk
174,18,27,113,0,1,0,1,1,Safe
846,38,41,84,1,1,0,1,0,High Risk
875,26,59,102,1,1,1,1,0,High Risk
430,38,33,119,0,1,1,1,0,Safe
337,32,1,80,1,1,1,1,1,High Risk
178,45,13,50,0,0,1,1,1,Safe
601,34,1,49,1,0,1,1,0,High Risk
539,37,56,86,1,0,1,1,0,High Risk
393,37,18,117,0,1,1,1,0,Safe
927,14,46,97,0,1,1,0,1,Moderate Risk
406,44,38,77,0,1,1,0,0,Safe
372,20,11,111,0,1,0,0,0,Safe
350,47,19,71,1,1,0,1,1,High Risk
526,14,54,90,0,0,0,0,0,Moderate Risk
976,18,60,112,0,1,1,0,1,Moderate Risk
149,37,29,91,0,0,1,0,0,Safe
792,23,24,120,0,0,0,0,0,Moderate Risk
155,38,5,59,0,1,0,1,1,Safe
628,19,3,82,1,1,1,1,0,High Risk
165,37,31,26,0,1,1,0,1,Safe
862,46,18,63,0,1,1,0,1,Moderate Risk
826,5,10,11,0,1,0,0,0,Moderate Risk
231,23,36,69,1,1,1,0,0,High Risk
498,16,26,84,1,1,0,0,1,High Risk
727,24,51,84,1,1,1,1,0,High Risk
293,9,49,95,0,1,0,1,1,Moderate Risk
127,5,21,39,1,1,0,0,1,High Risk
997,50,57,14,1,0,1,0,1,High Risk
304,44,2,79,1,1,1,0,0,High Risk
512,12,59,11,0,1,1,0,0,Moderate Risk
467,9,2,91,0,1,0,0,1,Safe
795,49,16,114,0,1,1,0,0,Moderate Risk
951,10,30,119,1,1,1,1,0,High Risk
235,25,24,108,0,1,0,0,1,Safe
205,42,5,11,0,1,0,1,0,Safe
314,6,53,86,0,1,0,0,1,Moderate Risk
541,24,16,103,1,1,1,0,1,High Risk
693,41,19,31,1,0,1,1,1,High Risk
871,41,47,38,1,0,1,0,0,High Risk
583,44,34,83,0,0,1,0,0,Safe
342,23,27,110,0,0,0,0,0,Safe
940,19,8,73,0,1,1,1,1,Moderate Risk
762,36,49,24,0,0,1,1,1,Moderate Risk
872,34,37,119,1,0,1,1,0,High Risk
294,49,59,29,1,1,1,1,1,High Risk
138,37,38,25,0,0,1,0,0,Safe
583,28,49,83,0,0,0,0,0,Moderate Risk
593,16,4,32,0,1,1,0,1,Safe
589,9,46,101,0,1,0,0,0,Moderate Risk
852,17,42,22,0,0,1,0,0,Moderate Risk
260,25,50,91,0,0,1,0,0,Moderate Risk
789,22,4,96,1,1,1,1,0,High Risk
902,26,29,80,1,1,0,0,1,High Risk
439,21,36,90,1,1,0,1,0,High Risk
293,50,9,25,1,0,0,1,1,High Risk
451,41,8,70,0,0,0,1,1,Safe
149,15,2,99,1,1,0,1,1,High Risk
904,42,48,89,1,0,0,0,0,Moderate Risk
790,17,48,81,0,0,0,1,1,Moderate Risk
965,26,21,12,1,1,0,1,0,High Risk
653,20,8,43,1,1,1,1,1,High Risk
187,31,28,109,0,0,1,0,1,Safe
850,39,57,51,1,0,1,1,1,High Risk
259,34,47,115,1,1,0,0,0,High Risk
298,33,16,96,1,1,0,1,0,High Risk
712,17,4,52,1,0,0,0,1,High Risk
642,45,38,28,0,0,1,1,0,Safe
670,32,39,73,1,0,1,1,0,High Risk
665,20,38,53,0,1,0,1,1,Safe
976,50,36,10,1,0,1,0,0,High Risk
397,31,23,22,1,0,1,0,1,High Risk
458,30,34,32,0,0,0,0,1,Safe
369,35,36,85,0,0,0,0,0,Safe
222,26,50,45,0,1,1,1,1,Moderate Risk
498,44,21,77,1,1,0,0,0,High Risk
241,22,33,23,0,1,1,0,0,Safe
561,34,12,113,1,0,1,1,1,High Risk
902,40,50,113,0,1,0,0,0,Moderate Risk
249,33,41,34,1,0,1,1,1,High Risk
301,21,48,53,1,0,0,1,0,High Risk
181,28,32,76,0,0,1,0,1,Safe
471,9,57,112,1,0,1,0,0,High Risk
492,33,11,71,1,0,0,0,1,High Risk
836,9,26,16,0,1,0,1,0,Moderate Risk
724,15,50,68,1,1,1,1,1,High Risk
375,15,30,35,1,0,1,1,0,High Risk
860,14,30,119,0,1,0,0,1,Moderate Risk
151,16,41,96,0,1,0,0,0,Moderate Risk
192,45,32,95,0,0,1,1,1,Safe
528,25,33,69,1,1,0,1,0,High Risk
105,43,2,44,0,0,1,0,1,Safe
963,30,21,27,1,1,1,1,0,High Risk
188,18,44,28,0,0,1,1,0,Moderate Risk
297,29,32,109,1,1,1,0,0,High Risk
201,16,47,26,1,0,1,1,1,High Risk
820,24,3,120,0,0,1,0,1,Moderate Risk
956,29,40,78,0,0,1,0,1,Moderate Risk
914,15,27,33,1,1,0,1,0,High Risk
731,23,4,55,0,1,0,1,0,Moderate Risk
905,21,47,120,1,1,1,1,0,High Risk
316,40,60,16,1,1,0,0,1,High Risk
886,16,2,116,0,0,0,1,1,Moderate Risk
903,42,15,60,1,1,0,1,1,High Risk
382,38,29,80,0,1,0,0,0,Safe
319,37,2,48,1,1,0,1,1,High Risk
312,20,23,54,1,0,0,1,0,High Risk
178,32,48,106,0,0,1,1,1,Moderate Risk
549,20,59,58,1,0,1,0,1,High Risk
459,13,33,39,0,0,1,1,0,Safe
122,5,23,25,0,1,1,0,0,Safe
433,16,39,106,0,1,0,0,1,Safe
720,7,17,111,0,1,1,0,0,Moderate Risk
705,17,30,56,0,0,1,0,1,Moderate Risk
279,15,34,63,1,0,0,1,1,High Risk
668,28,3,60,0,1,1,1,1,Safe
370,22,12,35,1,0,0,0,1,High Risk
498,18,8,50,1,1,1,1,0,High Risk
155,21,50,79,1,1,1,0,1,High Risk
866,18,54,14,0,0,0,1,1,Moderate Risk
789,7,16,110,0,0,1,0,0,Moderate Risk
229,18,39,36,0,0,0,1,1,Safe
961,20,47,48,1,0,0,0,1,High Risk
706,12,1,11,1,0,1,1,1,High Risk
386,37,1,97,1,1,0,1,0,High Risk
306,42,54,114,1,0,0,0,0,Moderate Risk
885,44,12,50,1,1,0,1,0,High Risk
493,12,19,31,0,1,1,0,1,Safe
643,46,58,58,1,1,0,0,0,High Risk
420,30,56,57,0,1,1,0,0,Moderate Risk
948,23,49,13,1,1,1,0,1,High Risk
769,13,36,51,1,1,0,1,1,High Risk
576,38,8,99,0,1,1,0,1,Safe
286,40,19,74,1,0,1,1,1,High Risk
663,43,4,14,0,0,1,0,0,Safe
309,20,10,28,1,1,0,1,0,High Risk
157,16,11,117,0,0,0,1,0,Safe
190,50,4,95,0,0,1,1,1,Safe
250,7,20,79,0,1,0,1,1,Safe
741,39,30,105,0,1,1,0,0,Moderate Risk
953,21,46,22,0,0,1,0,0,Moderate Risk
675,15,29,93,0,1,1,0,0,Safe
435,15,57,36,0,1,0,0,1,Moderate Risk
724,43,11,109,1,1,1,0,0,High Risk
618,5,30,54,1,0,0,1,1,High Risk
160,40,27,77,1,0,1,0,1,High Risk
731,10,60,35,1,0,1,0,0,High Risk
987,7,28,98,0,1,0,0,0,Moderate Risk
503,13,2,48,1,1,0,0,0,High Risk
895,23,6,39,0,0,1,0,1,Moderate Risk
178,24,33,32,0,0,0,0,0,Safe
834,8,8,59,1,0,0,1,0,High Risk
601,37,52,65,1,1,0,0,1,High Risk
156,43,25,119,0,0,1,1,1,Safe
589,45,58,78,0,1,0,0,0,Moderate Risk
512,5,49,10,1,0,1,0,0,High Risk
916,23,52,28,1,1,0,1,0,High Risk
767,33,40,62,1,0,0,0,1,High Risk
333,29,4,106,0,0,1,0,1,Safe
692,31,9,12,0,1,1,0,0,Safe
888,50,58,57,0,0,1,0,1,Moderate Risk
663,10,44,57,1,0,0,0,0,Moderate Risk
557,31,30,57,1,0,0,1,1,High Risk
593,9,15,33,1,0,1,0,1,High Risk
998,36,4,96,1,1,0,0,1,High Risk
367,26,57,57,1,0,1,1,0,High Risk
482,45,18,17,1,1,1,0,1,High Risk
882,11,10,18,1,0,1,0,0,High Risk
412,40,55,91,1,0,1,0,1,High Risk
697,24,40,98,1,1,1,1,0,High Risk
427,32,17,90,0,0,0,0,0,Safe
403,49,31,36,1,0,0,1,0,High Risk
938,12,43,64,1,1,0,1,0,High Risk
142,10,28,94,0,1,0,0,1,Safe
521,25,40,120,1,1,1,0,0,High Risk
159,37,26,67,0,1,0,0,1,Safe
122,50,58,71,1,0,0,1,0,High Risk
470,48,35,19,0,1,0,1,1,Safe
463,43,13,91,1,1,1,1,1,High Risk
985,39,40,74,1,1,1,1,0,High Risk
841,48,60,84,1,0,0,1,0,High Risk
117,21,51,63,0,0,1,0,0,Moderate Risk
499,10,40,51,0,0,1,1,0,Safe
614,45,59,67,0,1,0,1,1,Moderate Risk
887,23,24,120,0,0,0,1,1,Moderate Risk
